Created_Date,Depth,Description,Height,Length,Listed_Date,Name,Price,Rating,Review,URL,Weight,Product_ID,reviewmeta_rating,decision,Featured_Rank
2018-12-23T15:27:36.456498,6.8,"
Wired In-Ear Headphones: Perfect for exercising; With three sets of earpads (S/M/L), headphones stay in your ears while keeping surrounding noise out
ErgoFit Design for Perfect Fit: Black, ultra-soft ErgoFit in-ear earbud headphones conform instantly to your ears (S/M/L earpads included for a perfect fit)
Smartphone Compatible: Panasonic in-ear headphones with integrated microphone and remote are compatible with Apple (iPhone / iPod / iPad), Android and Blackberry Audio devices
In-Ear Stereo Audio: Tonally balanced audio with crisp highs and deep low notes, plus wider frequency response and lively sound quality for recorded audio
Extended Headphone Cord: Long, 3.6-ft cord threads comfortably through clothing and bags making it easy to connect",3.2,3.6,,"Panasonic ErgoFit In-Ear Earbud Headphones RP-HJE120-K (Black) Dynamic Crystal Clear Sound, Ergonomic Comfort-Fit",8.98,4.2,55942,https://www.amazon.com/Panasonic-Headphones-RP-TCM120-K-Ergonomic-Comfort-Fit/dp/B003EM8008/ref=sr_1_4/141-5699935-9644901?s=aht&ie=UTF8&qid=1545600408&sr=1-4&keywords=wired+earbuds,0.01,B003EM8008,4.1,Good,1
2018-12-23T15:27:46.926620,6.8,"12mm dome type driver units deliver powerful deep bass. Connectivity Technology: Wired
Integrated microphone and smartphone playback control
Hybrid silicone earbuds for secure, comfortable fit
High-energy neodymium magnets for powerful sound
Tangle-free, Y-type flat cord with slider. Frequency Response- 4-24,000Hz, 4–24,000Hz
Lightweight for ultimate music mobility. 0.47 in neodymium drivers for powerful, balanced sound",1.5,2.6,,Sony MDRXB50AP Extra Bass Earbud Headset (Black),29.99,4.1,3761,https://www.amazon.com/Sony-MDRXB50AP-Extra-Earbud-Headset/dp/B00JRD13T8/ref=sr_1_5/141-5699935-9644901?s=aht&ie=UTF8&qid=1545600408&sr=1-5&keywords=wired+earbuds,0.15,B00JRD13T8,4.1,Good,2
2018-12-23T15:27:53.540138,1.4,"ORIGINAL SOUND EXPERIENCES: Excellent stereo headphones with microphone, surround sound effect good. Inside of the speakers have been engineered to maximize sound output and minimize sound loss. Noise elimination. The call is more vivid and clearer. High-quality audio. Suitable for working, running, jogging etc.
INTELLIGENT LINE CONTROL with MICROPHONE: Earbuds Built-in Microphone With Volume Control System, play / pause music / next track / previous track / answer phone calls / hang up phone calls.
ERGONOMIC DESIGN: Unlike traditional, circular earbuds, the design of the EarPods is defined by the geometry of the ear. Which makes them more comfortable for more people than any other earbud-style headphones, suitable for long-time wearing. And they also can easily pass through their coats, bags or backpacks.
WIDE COMPATIBILITY: Standard 3.5 mm plug Earbuds headphones compatible MP3, Tablet, PC and IOS Android devices etc. In-ear Earphones the sound is rich, well balanced, both upper and lower end crisp, and voice is smooth natural.
100% MONEY BACK GUARANTEE: Earbuds Headphones have One year warranty period. We devote ourselves to provide the best customer service and bring the best shopping experience to every customer. If you are not satisfied with earphones. Please contact us and we can offer a full refund.NO questions asked!",3.5,3.5,20-Dec-18,Earbuds Headphones Stereo in-Ear Earphones Noise Isolating Wired Earphone with Mic and Volume Control Comfort-Fit for Samsung Galaxy Android Smartphones and Mp3 Players,12.99,5.0,162,https://www.amazon.com/Headphones-Earphones-Isolating-Comfort-Fit-Smartphones/dp/B07M935W8X/ref=sr_1_6/141-5699935-9644901?s=aht&ie=UTF8&qid=1545600408&sr=1-6&keywords=wired+earbuds,0.12,B07M935W8X,,Fake,3
2018-12-23T15:28:03.556126,1.0,"COMFORTABLE & SNUG FIT PERFECT FOR WORKOUTS: An ergonomic design with 3 different sizes of silicone ear buds ensures the optimum fit for your ears. The ear hook design gives a secure fit making it perfect companion for running, jogging or the gym.
MULTI-FUNCTIONAL IN-LINE CONTROL: The included in-line control enables you to play / pause music, adjust volume, skip tracks, accept or reject calls, activate the voice assistant or call the last dialed number.
WIDE COMPATIBILITY: It is compatible with most 3.5mm enabled devices like iPhone, iPads, Andriod devices, MP3 players, computers. The 3.5 mm gold plated plug jack gets you crystal clear sound quality and guarantees sound spread without distortion.
COLLAR CLIP ALSO A WIRE SPLITTER: The earphones come with a dual-purpose clip, which you can clip to your collar for a better telephonic experience. This clip also acts as a wire splitter for shorter wires between the two ear buds during running.
24-MONTH WARRANTY & ONGOING SUPPORT: Purchase with confidence with our 24-month warranty that's included with earphones. You can also get in touch with our email support team if you have any questions about your purchase.",1.4,4.7,,"Avantree Sports Headphones Wired with Microphone, Over Ear Earbuds with Ear Hook, in Ear Running Earphones for Workout Gym Compatible with iPhone, Samsung",14.99,4.4,327,https://www.amazon.com/Avantree-Headphones-Microphone-Earphones-Compatible/dp/B078T9HFDJ/ref=sr_1_7/141-5699935-9644901?s=aht&ie=UTF8&qid=1545600408&sr=1-7&keywords=wired+earbuds,0.06,B078T9HFDJ,4.0,Good,4
2018-12-23T15:28:17.838286,8.8,"
Deep, clear sound enhanced by exclusive TriPort technology for crisp highs and natural-sounding lows.Connectivity Technology: Wired
Proprietary Stay Hear tips, in three sizes, conform to your ear's shape to stay comfortably in place all day
If the ear tips falling off securely attach the ear tips to the earpiece and nozzle hook to properly adhere to the ear base
Inline microphone and remote for easy switching between calls and music with select Samsung and Android smartphones
Matching protective carrying case included. StayHear tips:1 inch H x 0.75 inch W x 0.5 inch D",1.9,4.9,,"Bose SoundSport in-ear headphones for Samsung and Android devices, Charcoal",69.99,4.0,1657,https://www.amazon.com/Bose-SoundSport-headphones-Samsung-Charcoal/dp/B0117RFPCC/ref=sr_1_8/141-5699935-9644901?s=aht&ie=UTF8&qid=1545600408&sr=1-8&keywords=wired+earbuds,0.04,B0117RFPCC,4.0,Good,5
2018-12-23T15:28:27.615538,1.2,"DUAL DRIVER EARBUDS WITH INCREDIBLE SOUND - Experience music the way it was recorded. Hybrid dual driver technology creates a balanced sound signature, with crisp, clear trebles and effortless, deep bass.Your music is worth it.
EARPHONE WITH MIC FOR HANDS FREE CONVENIENCE - Switch seamlessly from enjoying your music to chatting with friends. The inline remote and microphone on these earbuds allows you to answer calls and control playback, without looking at your phone.
THESE EAR BUDS WITH CASE TRAVEL IN STYLE - The premium leather case with magnetic clasps, protects your favourite earbuds whilst you’re on the move.
ALWAYS READY TANGLE FREE EARBUDS - Why waste time untangling cables, the Prodigy 1 headphones are designed with a tangle resistant, flat 3.5mm cable. You can connect to almost any audio source in seconds.
ALL-DAY COMFORT - The Prodigy-1 in ear headphones, stay comfortable all day long. The ergonomic, feather light, earbud design, combined with a choice of four ear tips (1xS, 2xM, 1xL) ensure a stable fit, that feels fantasic.",6.6,9.2,,"Aiwa Prodigy-1 Premium Earphones - in-Ear Headphones/Wired Earbuds with Remote and Microphone for Samsung Galaxy, Apple, and All Smartphones",29.99,4.3,102,https://www.amazon.com/Aiwa-Prodigy-1-Premium-Earphones-Ear/dp/B07BF5F9LZ/ref=sr_1_9/141-5699935-9644901?s=aht&ie=UTF8&qid=1545600408&sr=1-9&keywords=wired+earbuds,0.15,B07BF5F9LZ,4.5,Good,6
2018-12-23T15:28:37.388027,1.0,"Lightweight in-ear stereo earphones provides natural clear and super enhanced bass sound
Compatible with all Apple Devices, Android, Smartphone, MP3 player, Laptop, Tablets, other devices with 3.5mm headphone port.
All metal housings tuned for accurate music reproduction and amazing clear BASS.
Comfortable In-ear design earphones with soft silicone rubber eartips (S/M/L) which can isolate outside noise with highly qualified sound insulation effect
1 Year Warranty and 30 days money back guarantee",7.3,3.9,,"Betron ELR50 Earphones Earbuds Headphones, Balanced Bass Driven Sound, Noise Isolating, Stereo for iPhone, iPod, iPad, Samsung and Mp3 Players (Black)",10.99,4.4,827,https://www.amazon.com/Betron-Earphones-Headphones-Balanced-Isolating/dp/B01M8G5K8V/ref=sr_1_10/141-5699935-9644901?s=aht&ie=UTF8&qid=1545600408&sr=1-10&keywords=wired+earbuds,0.21,B01M8G5K8V,4.1,Good,7
2018-12-23T15:28:45.764686,1.1,"Ergonomic ear bud design makes these earphones fit comfortably and stay put in ears while you're running, jogging, weight lifting, walking and gym training. These earbuds with control will also bring much convenience when listening to music or making a call.
Professional design provides enhanced sound with superb musical details. Excellent dynamic unit enhances the high-definition sound.
With the stylish design and high sound quality, these earphones are ideal for all Apple devices, Androids phones, Windows phones, MP3, MP4 player and other 3.5mm plug devices.
Flat noodle cables will prevent you from trouble of cable tangling. You can put this earphone in your pocket or handbags and it will be available to use whenever you need it.
Excellent service and prompt response are promised. If you have any quality issue, please feel free to contact us. No worries for you after purchasing.Excellent service and prompt response are promised. You can reach us by clicking “Pwow” and then clicking “Ask a question”.",3.4,3.4,,"Earbuds, BYZ Wired Earphones Stereo in Ear Headphones with Mic and Remote Control Tangle Free Flat Cable for Running Workout Jogging Black",9.99,5.0,132,https://www.amazon.com/Earbuds-BYZ-Earphones-Headphones-Control/dp/B07KR681VD/ref=sr_1_11/141-5699935-9644901?s=aht&ie=UTF8&qid=1545600408&sr=1-11&keywords=wired+earbuds,0.03,B07KR681VD,,Fake,8
2018-12-23T15:28:52.915777,0.5,"MAGNETIC FEATURE:The unique magnetic design of the earbuds is easy for storage without tangle and convenient for hanging around your neck while not using.
Crystal Clear Sound Quality: Lightweight in-ear stereo earphones bring you crystal clear and dynamic sound. Wider frequency range allows you to enjoy impressive music.
Comfy and Secure Fit:Ergonomically flexible designed with gel flex silicone earbuds to ensure your headphones stay comfortably firm in place without falling out.
Easy to Use:Built-in Mic, convenient hands-free calling. You can also easily play/pause, skip music tracks through the multi-function button. No need to take out your phone from pocket band any more.
WIDE COMPATIBILITY:Built-in mic lets you talk hands-free on your device, 3.5mm Jack plug,100% fits Most Smart Phones, Tablets, PC, Music Player,like iPhone 6/6S iPad, iPod, Samsung S6 S5 Note 4 Blackberry Nexus HTC, Huawei, etc.",1.1,1.5,,"Wired Earbuds,COSPOR Magnetic in-Ear Stereo Earphones,3.5mm handsfree Sports Headphones with mic for Android/iOS (Gold)",15.99,5.0,44,https://www.amazon.com/COSPOR-Magnetic-Earphones-handsfree-Headphones/dp/B07LD4SCLZ/ref=sr_1_12/141-5699935-9644901?s=aht&ie=UTF8&qid=1545600408&sr=1-12&keywords=wired+earbuds,0.1,B07LD4SCLZ,,Fake,9
2018-12-23T15:29:01.026100,0.0,"
Feel the power of extra bass. Connectivity Technology: Wired
Water and sweat resistant. Frequency Response- 4-24000Hz. Sensitivities (dB/mW)- 106dB / mW
Enjoy a comfortable, secure fit with built-in ARC Supports
Built-in microphone and in-line remote for use with Apple devices
Move freely with an extended Y-type cord; Install and use the proper size of Earbuds and Arc Supporters, per the user manual
Run through heavy rain, sleet or snow with peace of mind",0.0,0.0,,"Sony MDRXB510AS/B Extra Bass Wired Headphones, Best Sports Headphones W/Mic IPX5 Stereo Sweatproof Earbuds Durable Comfortable Gym Running Workout",39.99,3.9,209,https://www.amazon.com/Sony-MDRXB510AS-Headphones-Sweatproof-Comfortable/dp/B01MTEU4V9/ref=sr_1_13/141-5699935-9644901?s=aht&ie=UTF8&qid=1545600408&sr=1-13&keywords=wired+earbuds,0.25,B01MTEU4V9,3.8,Good,10
2018-12-23T15:29:07.901205,1.6,"♬ EXCEPTIONAL GUALITY OF SOUND - These workout earbuds comes with top class speakers with great high and mid-range frequencies and has a lot of bass. Their silver core wires provide quality transmission of audio signals which justifies the quality of the sound produced. The bass does not have any distortion, and its quality is unmatched. You cannot miss a thing with the excellent audio quality. Even the made of the headphones is top class letting enjoy showing off with them around.
♬ NOISE ISOLATION - Regardless of the environment you are using the headphones in, you are guaranteed to hear everything. The fitness earbuds have earbuds capable of isolating and blocking surrounding noise. 90% of the outside noise can be separated using the technology. This enables you to use them even in surroundings with a lot of noise. You do not have to strain in listening what you want to hear.
♬ COMFORTABLE FITTING - When it comes to wearing the headphones, comfort has been guaranteed. They are lightweight for a workout, comes with memory cable and four pairs of ear tips replacements of different sizes. They take the shape of your ear to give you comfort while wearing them. The ear hook design that make sure the earbuds do not fall out easily, they can be used for motorcycle earbuds.
♬ SUITABLE FOR SPORTS - The sports earbuds can be used while undertaking various workouts like running, gym, dancing, walking, hiking or even jogging. They are sweat proof which ensures they stay in place regardless of how much you sweat or bounce. They are just the ideal fit to go by when you are working out in a noisy gym, but you want to listen to some tunes to keep you motivated.
♬ EASE OF OPERATION - They have a built-in microphone and remote control which can allow you to answer phone calls without necessary using your hands if they are engaged somewhere else, say exercise. The in-inline button helps you to play, pause or skip music tracks. One click: pause or answer the phone. Two click: next track or Refused to answer the phone. Three click: Previous one. No volume control.",4.3,6.5,4-Dec-18,"Running Headphones, LZHE in Ear Hi-Fi Monitor Earbuds with Noise Isolating, Mic and Remote, Flex Memory Wire Earhooks Earphones for Sports Running Jogging Gym Exercise Workout iPhone Samsung - Blue",21.99,5.0,142,https://www.amazon.com/Headphones-LZHE-Isolating-Earhooks-Earphones/dp/B07L4JJYRB/ref=sr_1_14/141-5699935-9644901?s=aht&ie=UTF8&qid=1545600408&sr=1-14&keywords=wired+earbuds,0.13,B07L4JJYRB,,Fake,11
2018-12-23T15:29:15.853423,0.4,"
Premium audio: Ultra-lightweight, digital in-ear stereo wired earphones delivering stunning studio-quality sound
12mm Large Earphone Drivers provide Crystal clear, Top audio performance with driving bass, tight mids and precision treble response for music you can feel
Total comfort: Ergonomic ear tips that stay in for a secure fit each time. Special ear-canal design delivers superior ambient noise isolation
Headphones are widely compatible with iPhone SE/ 6/6s/6 Plus/6s Plus/5/5c/5s, iPad Mini, iPad Air, iPod touch 5,iPod Nano 7,Samsung Galaxy, Android Smartphones and tablets, Windows devices, and all popular music devices with headphone socket
Earphones headphones come with 1 year warranty and 30 days money back guarantee",2.2,3.0,,Moxil Original 3.5MM Metal In-ear Wired Earphones HiFi Stereo Bass Earphone Headphones With Microphone For Phone Computer Headset,15.99,5.0,482,https://www.amazon.com/Moxil-Original-Earphones-Headphones-Microphone/dp/B07L65BKF9/ref=sr_1_15/141-5699935-9644901?s=aht&ie=UTF8&qid=1545600408&sr=1-15&keywords=wired+earbuds,0.05,B07L65BKF9,,Fake,12
2018-12-23T15:29:23.338881,2.0,"✔【DURABLE LONG LASTING LIFE EARBUDS】:This in ear headphones different from others,we focus on every small details during production to make sure long lasting life earphones with microphone,we offer replacment for 1 year gurantee of earphones ear buds
✔【FULL METAL HOUSING & TANGLE FREE WIRED】:Earphones with microphone made by aluminum alloy materials,super durable long lasting life earbuds,strong tangle free wired ear buds with 3.5mm jack wired earphones in ear headphones
✔【HIGH QUALITY BUILT IN MICROPHONE】:Nice wired earbuds in ear headphones for crystal clear conversation,earphones with volume control & Play, pause, next control,makes you hands free, crispy buttons wired earphones ear buds with microphone
✔【GREAT SOUND QUALITY & COMFORTABLE WEARING】:In ear headphones earbuds with super bass,decent clear sound ear buds,with 3 pairs different size earphones with microphone, fits in ear comfortable and never fall out,a daily used wired earbuds
✔【100% MONEY BACK GUARANTEE】:Earbuds Headphones have One year warranty period.We devote ourselves to provide the best customer service and bring the best shopping experience to every customer.If you are not satisfied with Wired earbuds.just contact us and we can offer a full refund.NO questions asked!",2.0,7.0,,Earbuds Ear Buds in Ear Headphones Wired Earphones with Microphone Mic Stereo and Volume Control Waterproof Wired Earphone Compatible With Iphone Samsung Mp3 Players Tablet Laptop 3.5mm[METAL EARBUDS],11.99,5.0,572,https://www.amazon.com/Headphones-Earphones-Microphone-Waterproof-Compatible/dp/B07L7XS26S/ref=sr_1_16_sspa/141-5699935-9644901?s=aht&ie=UTF8&qid=1545600408&sr=1-16-spons&keywords=wired+earbuds&psc=1,0.04,B07L7XS26S,,Fake,13
2018-12-23T15:29:31.544381,1.0,"COMFORTABLE & SNUG FIT PERFECT FOR WORKOUTS: An ergonomic design with 3 different sizes of silicone ear buds ensures the optimum fit for your ears. The ear hook design gives a secure fit making it perfect companion for running, jogging or the gym.
MULTI-FUNCTIONAL IN-LINE CONTROL: The included in-line control enables you to play / pause music, adjust volume, skip tracks, accept or reject calls, activate the voice assistant or call the last dialed number.
WIDE COMPATIBILITY: It is compatible with most 3.5mm enabled devices like iPhone, iPads, Andriod devices, MP3 players, computers. The 3.5 mm gold plated plug jack gets you crystal clear sound quality and guarantees sound spread without distortion.
COLLAR CLIP ALSO A WIRE SPLITTER: The earphones come with a dual-purpose clip, which you can clip to your collar for a better telephonic experience. This clip also acts as a wire splitter for shorter wires between the two ear buds during running.
24-MONTH WARRANTY & ONGOING SUPPORT: Purchase with confidence with our 24-month warranty that's included with earphones. You can also get in touch with our email support team if you have any questions about your purchase.",1.4,4.7,,"Avantree Sports Headphones Wired with Microphone, Over Ear Earbuds with Ear Hook, in Ear Running Earphones for Workout Gym Compatible with iPhone, Samsung",14.99,4.4,327,https://www.amazon.com/Avantree-Headphones-Microphone-Earphones-Compatible/dp/B078T9HFDJ/ref=sr_1_17_sspa/141-5699935-9644901?s=aht&ie=UTF8&qid=1545600408&sr=1-17-spons&keywords=wired+earbuds&psc=1,0.06,B078T9HFDJ,4.0,Good,14
2018-12-23T15:29:38.766098,1.2,"COMFORTABLE & SNUG FIT IN KIDS/WOMEN SMALL EARS - These over ear earbuds are lightweight. Ergonomically-shaped ear buds nestle comfortably in ears and get a secure hold. You don't have to jam the in ear part into ear canal as typical in ear headphones. They are smaller than earpods. All these make them suitable for people who can't keep regular earbuds in or have small ears (like kids). There're also 4 sets of soft eartips for different ear sizes. Enjoy music for long period with no pain.
SPORT EARBUDS THAT STAY IN EARS ON THE MOVE - Wrap aound ear design keeps earbuds from slipping out while working out. The flexible earhook wire is soft and thin. You can hardly feel them even with glasses over ear. The ear hook also helps keep ear pods around ears from missing when not in use. There's a clip to keep cable from moving around. These are sport headphones you can work out with, have no ear piece falling out. Perfect for running, jogging, erxercise, gym workout and fitness training.
DECENT SOUND & NOISE ISOLATING - The sound of these sport earbuds is loud and clear. Has strong bass that drives you in sports and no distortion under high volume. Work well for music, audio books, podcast and radio. The Angled in-ear design helps block out background noise. These running earbuds still offer extra memory foam tips to achieve much better sound quality and noise isolating performance. It's comfortable to wear these low profile earbuds under noise cancelling headphones/helmet.
EASY HANDS-FREE TRACKS, VOLUME CONTROL & CLEAR SOUND ON PHONE CALLS - The in-line mic sits just below the jaw, picks up your voice while isolating background noise, which ensures clear phone call conversations. With the remote buttons, you can easily answer/end calls, pause/play/skip tracks, activeate voice (siri) command, control volume during running. So you don't have to mess with your phone in the pocket or bag. Some old iPods might have no control. Please see details in the 6th picture.
DURABLE CORD, SWEATPROOF & 1 YEAR QUALITY WARRANTY - These sport headphones are sweat proof and the cord is thicker than typical earbud headphones, which will be more durable for intense sweaty exercise. If our running headphones don't meet your expectations or there's anything not as advertised, we will refund your purchase price wthin 30 DAYS. If there're any quality issues within 1 year, we'll offer you a full refund or replacment without cost. So you have no risk to take.",2.7,5.6,,"Joysico Sports Headphones Wired Over Ear In-ear Earbuds for Kids Women Small Ears, Earhook Earphones for Running Workout Exercise Jogging, Ear Buds with Microphone and Volume for Cell Phones MP3 Blue",14.99,4.1,84,https://www.amazon.com/Joysico-Headphones-Earphones-Exercise-Microphone/dp/B0796S9CGR/ref=sr_1_18_sspa/141-5699935-9644901?s=aht&ie=UTF8&qid=1545600408&sr=1-18-spons&keywords=wired+earbuds&psc=1,0.03,B0796S9CGR,4.6,Good,15
2018-12-23T15:29:45.662395,0.6,"【Enhanced Sound】Powerful 10mm composite drivers deliver impressive audio with clear highs and powerful bass.
【Flexible Durability】Connected by an extra-tough wire designed to withstand over 15000 bends.
【Block It Out】Noise-isolating design effectively reduces external sound allowing you to focus on your music.
【Convenient Calls】Built-in remote with microphone for answering calls.
【What's In The Box】SoundBuds Verve, XS/S/M/L/XL EarTips, Carry Pouch, our 18-month warranty, and friendly customer service.",1.8,51.2,,Anker SoundBuds Verve Built-in Microphone in Ear Stereo Wired Headphones (Gray),15.99,3.9,105,https://www.amazon.com/Anker-SoundBuds-Built-Microphone-Headphones/dp/B077XNCSQS/ref=sr_1_19/141-5699935-9644901?s=aht&ie=UTF8&qid=1545600408&sr=1-19&keywords=wired+earbuds,0.02,B077XNCSQS,4.0,Good,16
2018-12-23T15:29:52.215953,1.7,"
Universal compatibility: Compatible with most of 3.5mm port Devices,such as apple Devices, Androids Smartphone, Tablet etc.
Hands-Free:Built-in mic allows you to answer hands-free calls while listening to music.
Noise Isolation:Comfortable in-ear design can reduce surrounding noises,you can listen in a noisy environment and enjoy your favorite music without being influenced.
High-definition Sound Quality:A new and high quality pair of headphones gives you high performance sound quality with super dynamic deep bass, high resolution treble & crisp powerful sound.
Comfortable to wear:Wired headphone with 3 sizes of ear tips,make sure the comfortable fit for different users.",3.1,3.9,14-Dec-18,"in-Ear Earbuds,COSPOR Wired Headphones Hands-Free Noise Cancelling Earphones with Microphone (Black)",15.99,5.0,58,https://www.amazon.com/COSPOR-Headphones-Hands-Free-Cancelling-Microphone/dp/B07LCRQVYW/ref=sr_1_20/141-5699935-9644901?s=aht&ie=UTF8&qid=1545600408&sr=1-20&keywords=wired+earbuds,0.04,B07LCRQVYW,,Fake,17
2018-12-23T15:29:58.417132,1.2,"EXECELLENT SOUND BLOCKS OUT EXTERIOR NOISE:Earbuds Headphones have deep base and excellent clarity,In-ear earphones’s the noice canceling technique is a real help against loud and annoying noises.Wired earbuds excellent sound including some actual bass.
COMFORTABLE AND SECURE FIT :Enjoy full listening comfort with soft earbuds headphones, snug ear buds that conform instantly to your ears.Headphones with microphone in-ear design with 3 sets (S/M/L) of soft ear gels in different size, sports earphones provides comfortable fit, keeps the ear buds steady in your ears without falling out.
3.5MM GOLD-PLATED JACK EARBUDS】Ear buds is compatible with iPhone, iPad, iPod, Smartphone, tablets and other audio devices.Compatible for iPhone 6 6S Plus /iPod /iPad, Samsung Galaxy S7 S6 Edge S5 S4 Note 5 4 3, HTC /LG /Sony, Xiaomi /Huawei /Lenovo All Smartphones, MP3 Player, Computers, etc.
The earbuds was built in a in-line controller and a high quality microphone, The built-in microphone enables convenient remote control for music play and phone calls,wired headphones guarantees clear and smooth hands-free communication. the earphones controller was designed to play / pause music / next track / previous track / answer phone calls / hang up phone calls.
100% MONEY BACK GUARANTEE:Earbuds Headphones have One year warranty period.We devote ourselves to provide the best customer service and bring the best shopping experience to every customer.If you are not satisfied with earphones.Please contact us and we can offer a full refund.NO questions asked!",4.6,5.1,2-Dec-18,"Earbuds Headphones with Microphone Mic Noise Isolating Earphone Ear Buds Heavy Deep Bass Wired Earphones Ear Buds, in-Ear Headphones Compatible iPhone Samsung Android Smart Phone iPad Tablet Laptop",12.99,5.0,197,https://www.amazon.com/Headphones-Microphone-Isolating-Earphones-Compatible/dp/B07L2R9KFR/ref=sr_1_21/141-5699935-9644901?s=aht&ie=UTF8&qid=1545600408&sr=1-21&keywords=wired+earbuds,0.08,B07L2R9KFR,,Fake,18
2018-12-23T15:30:05.561680,1.4,"
Stereo and Crystal Clear Sound: Built-in high quality dynamic driver pumps out powerful deep bass, give you exciting listening experience.
Ergonomic Design: universal shape and comfortable silicone rubber material fit for most people and will not be painful after a long-time use.
Premium Audio Cord: 49 inch TPE cord threads garment and bag easily. Wrapped in soft plastic shell can prevents messy tangles effectively.
3.5 mm Universal Plug: Connect the earphone to audio devices with a standard-sized audio cable, supports high-fidelity sound transmission.
In Line Remote Control: Easy operation for play/pause/forward/rewind music and answer/reject phone calls by one multifunctional button.",3.2,3.2,,"Earphones, USTEK in-Ear Wired Earbuds Stereo Sound Headphones with Microphone & Volume Control and Powerful Bass for iOS Android System (Black)",10.99,5.0,135,https://www.amazon.com/Earphones-USTEK-Headphones-Microphone-Powerful/dp/B07KFD5DFF/ref=sr_1_22/141-5699935-9644901?s=aht&ie=UTF8&qid=1545600408&sr=1-22&keywords=wired+earbuds,0.15,B07KFD5DFF,,Fake,19
2018-12-23T15:30:12.229971,1.3,"♬【DEEP BASS SOUND & NOISE ISOLATING】Perfect stereo headphones with high quality drivers enables you experience natural clear and super enhanced bass sound.Noice cancelling technique helps against loud and annoying noise.The earbuds has perfect stereo sound quality, enjoy full listening comfort with soft, snug ear buds that conform to your ears, bring you the perfect audio enjoyment.
♬【3.5MM GOLD-PLATED JACK EARBUDS】Ear buds is compatible with iPhone, iPad, iPod, Smartphone, tablets and other audio devices.Compatible for iPhone 6 6S Plus /iPod /iPad, Samsung Galaxy S7 S6 Edge S5 S4 Note 5 4 3, HTC /LG /Sony, Xiaomi /Huawei /Lenovo All Smartphones, MP3 Player, Computers, etc.
♬【SECURE & COMFORTABLE FIT】Unique Ergonomic in-ear design with 3 sets of soft ear gels in different size(S/M/L), provides comfortable fit, keeps the ear buds steady in your ears without falling out. This earbuds ensures comfortable wearing experience for long-time and varied usage.
♬【DURABLE & CONVENIENT】Earbuds with durable 4 feet cable can decrease nasty tangles.Flexible lightweight design snug and secure resistant to sweat and water damage. Wired earbuds was built in microphone and smart button in-line control . Can be used in hands-free mode to Answer/reject phone calls.
♬【100% MONEY BACK GUARANTEE】We devote ourselves to provide the best customer service and bring the best shopping experience to every customer.If you are not satisfied with our earbuds.Just contact us and we can offer a full refund.NO questions asked!",3.1,5.5,,Earbuds Ear Buds Earphones with Microphone Mic Wired Noise Isolating Headphones Earbuds Stereo in Ear Ear Buds Compatible iPhone iPod iPad Samsung Android Smartphones Tablet Laptop 3.5mm Jack,12.99,5.0,98,https://www.amazon.com/Earphones-Microphone-Headphones-Compatible-Smartphones/dp/B07KWM3NZ1/ref=sr_1_23/141-5699935-9644901?s=aht&ie=UTF8&qid=1545600408&sr=1-23&keywords=wired+earbuds,0.11,B07KWM3NZ1,,Fake,20
2018-12-23T15:30:20.604759,1.2,"Hybrid sound system of symphonic drivers and balanced-armature in each earphone. Together they deliver an extremely accurate listening experience with unsurpassed dynamic power and clarity from deep bass to sizzling highs. Recommend to use a DAC amplifier to power These headphones
Custom twisted cord with tangle proof function. To maximize Tensile strength, ox-free copper Wrapped Kevlar fiber was used in the wire.
Ideal for use will all MP3, iPod, iPhone, Android phones, DVD and CD players, and portable gaming systems. Deep, rich sound across a wide frequency range, enhanced by a sealed acoustic design for better Immersion in your music.
In-ear sound isolating design to hear your music without interruption. Metal earphones with a pleasing design. Big brand quality rivalling much more expensive earphones. Enjoy the ultimate in style, comfort and listening pleasure with the earbuds
Package includes: headphones, secure + comfort-fit with interchangeable tip/Fin, warranty card, carrying bag.",3.2,5.3,,in Ear Headphones SDFLAYER E97 Pro Earphones with Hybrid Dynamic Balanced Armature Drivers Twisted Anti Tangle Cord for Cellphones Music Player Compatible with 3.5MM Audio Jack Device,28.99,5.0,1965,https://www.amazon.com/Ear-Headphones-SDFLAYER-Cellphones-Compatible/dp/B07JZ6N979/ref=sr_1_24/141-5699935-9644901?s=aht&ie=UTF8&qid=1545600408&sr=1-24&keywords=wired+earbuds,0.24,B07JZ6N979,,Fake,21
2018-12-23T15:30:28.461220,0.2,"ACTIVE NOISE CANCELLING: Reduce background sounds by up to 30dB with our advanced noise cancelling technology to enjoy uncompromising powerful audio and to give you the music you love for work, travel, and relaxation
15 HOURS OF CONTINUOUS AUDIO: Enhanced and boosted with a 140mAh battery, enjoy 15 hours of pure continuous music playback or voice chat
IN-EAR COMFORT: With interchangeable ear-buds and hooks for convenience and comfort, the headphones will stay in place when you’re on the move.
METAL CONSTRUCTION: Crafted with machined aluminum alloy that reduces battery consumption; also features a gold-plated 3.5mm audio jack and an airplane audio adapter for convenience when flying
FULL CONTROL: Three button in-line remote control for full audio playback includes volume adjustment, track selection, and play/pause functionality with a 55-inch-long wire.",0.2,0.2,,"TaoTronics Active Noise Cancelling Headphones, Wired Earphones in Ear Corded Earbuds with 15 Hours Playtime and Built-in Microphone (Noise Reduction, Aluminum Alloy Construction)",43.99,3.9,360,https://www.amazon.com/TaoTronics-Cancelling-Headphones-Microphone-Construction/dp/B075DBL2QP/ref=sr_1_25/141-5699935-9644901?s=aht&ie=UTF8&qid=1545600408&sr=1-25&keywords=wired+earbuds,0.07,B075DBL2QP,3.9,Good,22
2018-12-23T15:30:34.839770,0.4,"✔【DURABLE LONG LASTING LIFE EARBUDS】:This in ear headphones different from others,we focus on every small details during production to make sure long lasting life earphones with microphone,we offer replacment for 1 year gurantee of earphones ear buds
✔【GREAT SOUND QUALITY & COMFORTABLE WEARING】:In ear headphones earbuds with super bass,decent clear sound ear buds,with 3 pairs different size earphones with microphone, fits in ear comfortable and never fall out,a daily used wired earbuds
✔【HIGH QUALITY BUILT IN MICROPHONE】:Nice wired earbuds in ear headphones for crystal clear conversation,earphones with volume control & Play, pause, next control,makes you hands free, crispy buttons wired earphones ear buds with microphone
✔【FULL METAL HOUSING & TANGLE FREE WIRED】:Earphones with microphone made by aluminum alloy materials,super durable long lasting life earbuds,strong tangle free wired ear buds with 3.5mm jack wired earphones in ear headphones
✔【LIFE TIME QUALITY WARRANTY IN EAR HEADPHONES】:Our wired earbuds offer 30 days money back gurantee & life time warranty,any questions pls contact us we will reply in 12 hours,best customer service wired earphones with microphone in ear headphones ear buds",3.2,6.0,,KURSO Compatible for iPhone Samsung Android Earbuds Ear Buds in Ear Headphones Wired Earphones Microphone Mic Stereo Volume Control Waterproof Wired Earphone KURSO[Metal Earbuds],11.99,5.0,332,https://www.amazon.com/KURSO-Compatible-Headphones-Microphone-Waterproof/dp/B07J59RGH7/ref=sr_1_26/141-5699935-9644901?s=aht&ie=UTF8&qid=1545600408&sr=1-26&keywords=wired+earbuds,0.03,B07J59RGH7,,Fake,23
2018-12-23T15:30:41.286558,1.0,"✤Ultra Perfect Sound Quality - Perfect stereo earbuds with high-quality drive allow you to experience natural clarity and super bass sound. In ear headphones with microphone and noise isolating, earphones less than 1% distortion rate. Noise reduction techniques help to eliminate loud and noise. These ear buds have perfect stereo sound quality, full listening comfort with soft and comfortable earplugs, making your ears sound perfect and giving you perfect hearing enjoyment.
✤Extensive Compatibility (3.5mm Jack) - The ear buds compatible with all 3.5mm plug devices for optimum performance. In Ear Earbuds compatible with iPhone iPod iPad MP3 Tablet PC and Android devices tablets cell phones and laptops etc. The sound of in ear earphones is rich, well balanced, both upper and lower end crisp, and voice is smooth natural.
✤Comfortable in-ear Design - The earbuds come with a unique ergonomic in-ear design with three different sizes of soft ear glue (s/m/l). Comfortable soft ear buds help you better experience your music journey, providing comfortable fit to keep ears stable in the ears and never fall off. Light weight earphones help enjoy full listening, snug ear buds that conform instantly to your ears.
✤Durable & Convenient - The earbuds with Multi-function control button including volume control, pause/play capabilities, answer/end call function, Voice Control. And smart inline microphone give you complete control over your listening experience. You can release your hands and enjoy your music journey by pressing the button. Flexible lightweight design, comfortable and portable. Waterproof and sweat-resistant designs are effective against sweat and water damage.
✤Perfect Customer Experience - Buy these earbuds, you'll get a return and exchange service for no reason. We are committed to providing the best customer service and bringing the best shopping experience to every customer. If you're not satisfied with our ear buds. Just contact us and we can offer a full refund.",3.7,3.8,,Earbuds Ear Buds Wired Earbud with Microphone Mic and Volume Control Stereo Mic Ear Buds Music Ear Buds Noise Isolating Headsets Compatible iPhone Samsung MP3 Players and Other Smartphones 3.5mm Jack,12.99,5.0,190,https://www.amazon.com/Microphone-Isolating-Headsets-Compatible-Smartphones/dp/B07KSYMTMC/ref=sr_1_27/141-5699935-9644901?s=aht&ie=UTF8&qid=1545600408&sr=1-27&keywords=wired+earbuds,0.1,B07KSYMTMC,,Fake,24
2018-12-23T15:30:47.913486,2.7,"OVER EAR EARBUDS FOR SMALL EARS - The ear buds size are smaller than other earhook headphones. You don't have to stretch your ear to put earbuds in ears. They can fit in and over small-average sized ears with no pain. These running earbuds will stay put in ears without discomfort even during long runs. These sports headphones also come with 4 different sizes ear pieces to ensure a custom comfortable fit, sealing the ear to deliver bass and isolate noises.
SECURE FIT SPORT HEADPHONES NEVER FALL OUT OF EARS WHILE WORKING OUT- Thanks to pliable over the ear loops and ergonomic ear bud design, these workout headphones fit comfortably and stay put in ears while running, jogging, weight lifting, exercising, walking and gym training. No need to stop your workout to adjust the ear buds any more.
HANDS-FREE PHONE CALL AND MUSIC TRACK CONTROL DURING RUNNING - You can use the in-line button to answer/end phone calls. The microphone allows you to communiate hands free, so that you can keep on your exercise. There's a clip which will help you stabilize the set while doing different physical activities. You can also easily play/pause, skip music tracks through the remote button. No need to take out your phone from pocket or arm band any more.
GOOD SOUND QUALITY FOR MUSIC AND PHONE CALLS - The sound of these sport earbuds is clear and crisp. They are good for listening to music during workouts, as well as listening to audio books or video during commute. Call quality and mic is good. You can hear the person on the other end clearly even on a noisy treadmill. It is fully compatible with iPhone, iPod, iPad, mp3, smartphone, laptop, computer, tablet, psp etc.
QUALITY WARRANTY & MONEY BACK GUARANTEE FROM DEFWAY ONLY- ROVKING will not guarantee QUALITY, SAFETY AND HYGIENCE of the products from other sellers instead of defway. These workout earbuds are professionally designed for music listening requirement in sports, especailly for small ears. They should not fail or break even during intense workouts. If there are any issues, we'll give you a total refund or a replacement, at no cost without questions asked. We just want your 100% satisfaction.",1.1,5.6,,ROVKING Over Ear in Ear Noise Isolating Sweatproof Sport Headphones Earbuds Earphones w/Remote and Mic Earhook Wired Stereo Workout Earpods for Running Jogging Gym Exercise Cell Phone Ear Buds Black,14.99,4.0,3809,https://www.amazon.com/ROVKING-Isolating-Sweatproof-Headphones-Earphones/dp/B01H3CQ64Q/ref=sr_1_28/141-5699935-9644901?s=aht&ie=UTF8&qid=1545600408&sr=1-28&keywords=wired+earbuds,0.09,B01H3CQ64Q,4.0,Good,25
2018-12-23T15:30:53.591498,1.0,"PREMIUM EARBUDS EARPHONES HEADPHONE: High performance sound quality with super dynamic deep bass high resolution treble & crisp powerful sound. It has perfect stereo sound quality, enjoy full listening comfort with soft, snug ear buds that conform to your ears, bring you the perfect audio enjoyment.
LIGHTWEIGHT DESIGN: Classic and ultra lightweight design. Fit your ears perfectly, give you long-time comfortable wearing experience. Stereo sound: It has perfect stereo sound quality, enjoy full listening comfort with soft, snug earbuds that conform to your ears, bring you the perfect audio enjoyment.
HIGH-END TECHNOLOGY AND ERGONOMIC DESIGN: Ergonomic and ultra-lightweight in-ear designed with solid sound-insulating material, reduces external noise while minimizing the sound leakage, giving you clear sound.
BUILT-IN MIC AND REMOTE CONTROL: Earbud (in ear), The cord was built in a in-line controller and a high quality microphone, the controller was designed to play / pause music / next track / previous track / answer phone calls / hang up phone calls.
Wide Compatibility -- Compatible with IOS and Android System. The Magnetic headphones compatible with almost all 3.5mm jack devices, such as: Samsung Galaxy S8 S7 S6 S5 S4 S3 Android LG G5 MP3 MP4 music players, Nexus, HTC, laptops, tablets, PC and more.",3.3,3.3,,Earbuds Ear Buds Sport Earbuds Running Earbuds in Ear Headphones Wired Earphones with Microphone Mic Stereo and Volume Control Waterproof Wired Earphone Android Mp3 Players Tablet Laptop 3.5mm Audio,9.99,5.0,347,https://www.amazon.com/Headphones-Earphones-Microphone-Waterproof-Earphone/dp/B07KQ4XNDV/ref=sr_1_29/141-5699935-9644901?s=aht&ie=UTF8&qid=1545600408&sr=1-29&keywords=wired+earbuds,0.06,B07KQ4XNDV,,Fake,26
2018-12-23T15:31:00.600181,3.9,"WIRELESS + WIRED: Enjoy the freedom of wireless Bluetooth audio, then plug right into a phone, in-flight entertainment or a treadmill TV. If you ever forget to charge your earbuds, wired mode works without battery power. [Charges with standard micro USB cable -- Also compatible with the Back Bay Charging Case]
CLASSIC AMERICAN HI-FI SOUND: We tune all our headphones in our Boston headquarters to produce the classic “American Hi-Fi Sound”- strong bass, a relaxed, natural midrange and crisp highs.
SWEATPROOF: Completely unaffected by sweat or rain, the American EQ 40 headphones use internal nano-coating to create IPX-5 water resistance. Run outdoors in the rain or break a sweat in the gym and never worry about your headset's electronics.
5 EQ SOUND SETTINGS: We’ve given you the ability to change the equalizer settings in your headphones. Turn up the bass for rap and EDM tracks, make vocals clear and crisp for podcasts, and easily find the perfect sound for rock, pop and classical.
HANDS-FREE PHONE CALLS: Take wireless phone calls and control your music without ever touching your iPhone or Android phone. The in-line microphone uses CVC noise cancellation, so your voice will be loud and clear while you talk on the phone. [Microphone only works in wireless mode]",1.4,3.5,,"Back Bay 2-in-1 Wireless & Wired Bluetooth Earbuds. Sweatproof Wireless Stereo Headphones with Microphone, 6 Earphone Tips, AUX Cable and Carrying Bag",34.99,4.2,157,https://www.amazon.com/Back-Bay-Sweatproof-Headphones-Microphone/dp/B0757WVSN8/ref=sr_1_30/141-5699935-9644901?s=aht&ie=UTF8&qid=1545600408&sr=1-30&keywords=wired+earbuds,0.04,B0757WVSN8,4.0,Good,27
2018-12-23T15:31:07.409431,1.2,"♫ HIGH-PERFORMANCE SOUND QUALITY: These earbuds have perfect stereo sound. These ear buds produce incredible natural high fidelity sound with deep bass and crystal clear treble. In ear headphones earbud with microphone with noise cancellation/isolating and earphones less than 1% distortion rate. The sound is clear and bright, giving you the perfect music enjoyment.
♫ COMFORTABLE IN-EAR DESIGN: Wired earbuds come with three different sizes to fit in the ear canal. Comfortable soft earbuds help you better experience your music journey. Light weight earbuds helps enjoy full listening comfort with soft headphones earbuds, snug ear buds that conform instantly to your ears.
♫ EXTENSIVE COMPATIBILITY: 3.5MM jack ear buds compatible with all 3.5mm plug devices for optimum Performance. Built-in Microphone, Perform high quality sound and noise reduction. In Ear Earbuds headphones compatible with all 3.5mm headphone jack. In-ear Earphones the sound is rich, well balanced, both upper and lower end crisp, and voice is smooth natural.
♫ EASY TO USE: Multi-function control button including volume control, pause/play capabilities, answer/end call function, voice control, and a smart inline microphone give you complete control over your listening experience. You can release your hands and enjoy your music journey by pressing the button.
♫ PERFECT SHOPPING EXPERIENCE: If you have any questions, please contact us in time, and we can offer a full refund or replace with new earbuds to you. We devote ourselves to provide the best customer service and bring the best earphones shopping experience to every customer.",2.8,3.0,5-Dec-18,Earbuds Ear Buds Stereo Earphones in-Ear Headphones Earbuds with Microphone Mic and Volume Control Noise Isolating Wired Ear Buds Compatible iPhone Android Phone iPad Tablet Laptop 3.5mm Devices,12.99,5.0,229,https://www.amazon.com/Earphones-Headphones-Microphone-Isolating-Compatible/dp/B07L5CRQMB/ref=sr_1_31_sspa/141-5699935-9644901?s=aht&ie=UTF8&qid=1545600408&sr=1-31-spons&keywords=wired+earbuds&psc=1,0.15,B07L5CRQMB,,Fake,28
2018-12-23T15:31:14.871387,1.7,"SUPER SOUND: These in ear headphones delivery high quality mid-range, and clear treble sound; the dual-air chamber design offers an enhanced dynamic expression.
COMFORTABLE DESIGN: These earphones with a 45-degree in-ear oblique angled can naturally fit the ear canals, and the extra 6 pairs of soft rubber eartips offer you various options to choose a comfortable pair to enjoy music tracks.
USER-FRIENDLY DESIGN: These earbuds are with built-in Microphone and volume control; and you can also mange phone calls and skip music tracks from pressing the functional button.
COMPATIBILITY: These wired headphones are compatible with most smartphones and other devices with 3.5mm audio jack such as iPhone6, Samsung & Android devices, and other music players.
QUALITY WARRANTY: We offer a 12-month warranty for orders from our storefront. If you have any questions about our headphones or services, please contact us freely.",5.6,5.6,,"Senzer H2 In Ear Headphones with Mic Wired Earbuds, Hi-Res Stereo Sound, Volume Control, Noise-Isolating Earphones with 3.5mm Plug for Smartphones Music Players Tablet Computers",18.99,4.8,12,https://www.amazon.com/Headphones-Noise-Isolating-Earphones-Smartphones-Computers/dp/B07JL1HZGD/ref=sr_1_32_sspa/141-5699935-9644901?s=aht&ie=UTF8&qid=1545600408&sr=1-32-spons&keywords=wired+earbuds&psc=1,0.5,B07JL1HZGD,4.8,Good,29
2018-12-23T15:31:22.703555,0.9,"
Built in Microphone and Volume control for Apple iPhone, Ipad, Ipod, Macbooks and Samsung devices with headphone socket ( some Apple earphone adapters may not support volume control functions)
Excellent fit in the ear canals and high attenuation of ambient noise
Carry case and various sizes of silicon earbuds are included
Pure sound and powerful bass. Cable Length 1.2 meters
High powered dynamic speaker systems for an outstanding audio performance",3.1,7.0,,"Betron B25 Noise Isolating in Ear Canal Headphones Earphones with Pure Sound and Powerful Bass for iPhone, iPad, iPod, Samsung Smartphones and Tablets (Black with Remote)",15.99,4.4,191,https://www.amazon.com/Betron-Isolating-Headphones-Earphones-Smartphones/dp/B079GFF4HZ/ref=sr_1_33_sspa/141-5699935-9644901?s=aht&ie=UTF8&qid=1545600408&sr=1-33-spons&keywords=wired+earbuds&psc=1,0.1,B079GFF4HZ,4.2,Good,30
2018-12-23T15:31:31.195693,1.0,"Active Noise Cancelling Functionality: Reduces environmental noise and distractions by up to 25dB for an immersive auditory experience that lasts up to 15 hours per charge
Increase Awareness with Monitoring Mode: Clearly hear airline or subway announcements and what’s around you with the press of in-ear monitor button when ANC is on
Built-In MEMS Noise Cancelling Microphone: Enables for crispy phone calls and undisturbed voice transmission while featuring a reduced footprint
Feature-Packed Headphones: Comes with an active noise cancelling slider, monitoring mode button, inline controls for volume, audio track and calls, also features an airplane audio adapter for convenience when flying
Sleek, Durable Aluminum Build: Metal alloy black matte finish provides wired earbuds extra durability in addition to an elegant, stealthy look",1.0,24.2,,"TaoTronics Active Noise Cancelling Headphones, Wired Earbuds in Ear Stereo Awareness Monitor Earphones with Microphone and Remote (15 Hours Playtime, 3.5mm Jack, Premium Aluminum Matte Black)",49.99,4.2,160,https://www.amazon.com/dp/B07FM1L5HJ/ref=sxbs_sxwds-deals_1/141-5699935-9644901?pf_rd_p=c32a1f21-f427-444c-bab6-1b04bcb652a2&pd_rd_wg=joZ4X&pf_rd_r=D39W8FPM39VZ4R1AR7TR&pd_rd_i=B07FM1L5HJ&pd_rd_w=OUtsS&pd_rd_r=17c67a89-9c72-4714-b1a2-76462bf17e59&ie=UTF8&qid=1545600408&sr=1,0.05,B07FM1L5HJ,4.2,Good,31
2018-12-23T15:31:52.956426,6.8,"
POWERFUL SOUND - Deep base and clean treble for clear sound.
COMFORT FIT EAR TIP BUDS - Soft color matched ear buds for perfect fit and sound
LONG CORD - Long cord 3.3FT with standard headphone jack for easy connect to Android or IPhone with common standard 3.5mm headphone input.
EXTRA EARTIP EARBUDS INCLUDED - Small, Medium, and Large Eartips are included with every earbuds. Adjust the fit for perfect sound for your ear.
JVC GUMY - Reliable, Affordable, Great Sounding, and Great Fit
Connectivity technology : Wired",2.2,1.4,,"Black GUMY in Ear Earbuds with Stay fit Ear Tips. Wired 3.3ft Colored Cord Cable with Headphone Jack. Small, Medium, and Large Ear tip earpieces Included. JVC GUMY HAFX7B",0.0,3.9,55,https://www.amazon.com/dp/B073R2RSB2/ref=sxbs_sxwds-deals_3/141-5699935-9644901?pf_rd_p=c32a1f21-f427-444c-bab6-1b04bcb652a2&pd_rd_wg=joZ4X&pf_rd_r=D39W8FPM39VZ4R1AR7TR&pd_rd_i=B073R2RSB2&pd_rd_w=OUtsS&pd_rd_r=17c67a89-9c72-4714-b1a2-76462bf17e59&ie=UTF8&qid=1545600408&sr=3,0.07,B073R2RSB2,3.7,Good,32
2018-12-23T15:32:02.984393,0.7,"【Super Sound quality+ Bluetooth 4.1】Powerful mids and bass with CSR8635 bluetooth chip for high-fidelity stereo sound. The design adopts high definition noise isolation CVC 6.0 technology to ensure clear and smooth hands-free communication.
【Long-lasting & Ergonomics design】Upgraded built-in lithium batteries support up to 8 hours talk / music time with battery indicator on IOS and Android (depends on volume and audio content) for prolonging enjoyment. 1-2 hours charge can get full energy back. Symmetrical balance and Ergonomics design ensure a comfortable fit.
【Sweat Resistant & Built-in Magnetic Design】These earbuds are rated IPX5 rating and can withstand sweat, splashes and wet weather conditions, enhancing the headphone's using life. You can attach the two headphones together when not using, and wear like a necklace around your neck, a convenient way to carry around when you don't need them.
【Good Compatibility & Customizable Accessories】 Compatible with almost all smartphones and other devices, including IOS, Android device, MP3 and MP4 music players, etc. The Bluetooth earbuds come with customizable accessories, 4 pairs ear tips to secure fit for all customers.
【In-line Mic & Volume Control】The headset has an in-line mic and +/- control buttons. Except volume control, the + and - button can make it play next and previous, perfect for answering calls or listening. Tips: When charging with a charging adapter, please make sure the current should not be greater than 1A. Sound PEATS provides 12 months hassle-free warranty to ensure the enjoyment of your purchase.",0.9,33.0,,"SoundPEATS Bluetooth Headphones Wireless Earbuds 4.1 Magnetic Bluetooth Earphones Lightweight Earbuds with Mic for in-Ear Earphones Sports(8 Hours Play Time, Noise Cancelling, Sweatproof) Upgrated",0.0,4.3,356,https://www.amazon.com/dp/B07KLV4P88/ref=sxbs_sxwds-deals_4/141-5699935-9644901?pf_rd_p=c32a1f21-f427-444c-bab6-1b04bcb652a2&pd_rd_wg=joZ4X&pf_rd_r=D39W8FPM39VZ4R1AR7TR&pd_rd_i=B07KLV4P88&pd_rd_w=OUtsS&pd_rd_r=17c67a89-9c72-4714-b1a2-76462bf17e59&ie=UTF8&qid=1545600408&sr=4,0.04,B07KLV4P88,4.3,Good,33
2018-12-23T15:32:10.933854,2.8,"
SNUG FIT AND STAY PUT IN YOUR EARS THROUGHOUT WORKOUT - Special designed profile of ROVKING workout earbuds fits snugly into your ear canals. Over the ear design makes the workout headphones keep secure fit. All makes these sport earbuds won't fall out of ears during most active sports. Great sports earbuds for running, jogging, gym, working out, exercising, walking and dancing. They are sweat proof headphones that will still keep staying in place during sweaty workouts.
LIGHTWEIGHT AND COMFORTABLE FIT - Optimized nozzle angle is designed to ensure comfortbale wearing in the ears. These exercise earbuds are 16g lightweight with soft wire wrapped around the ears. They are comfortble even after longtime workout. You can even wear these earphones to sleep in and don't notice much they are in your ears.
NOISE ISOLATING AND GREAT SOUND - The cable wire offers high quality audio signal transmission which ensures outstanding sound quality. The sound comes out clear, loud and with bass. They are also noise isolating eabuds that can block outside noise. You can listen to your music and phone call clearly even in noisy environments like gym, fitness walk, subway/bus commute and flight trip.
CONTROL MUSIC, ANSWER AND END PHONE CALLS BY ONE CLICK. A phone call control button and mic are built in the cable. The hands-free control unit is standard and convenient to use. You can use it to answer/end a call (one click the button), skip to the next track (double click)/previous track (triple click), activate apple Siri/samsung S voice(long press). These stereo in ear headphones are fully compatible with iPhone, iPod, iPad, Android phones, laptop, computer, psp, tablet, mp3 etc.
QUALITY WARRANTY & MONEY BACK GUARANTEE FROM DEFWAY ONLY- ROVKING will not guarantee the QUALITY, SAFETY AND HYGIENCE of the products from other sellers except Defway. These headphones are professionally designed for your music listening requirement in sports. They should not fail or break even during intense outworks. If there are any issues, DEFWAY will give you a total refund or a replacement, at no cost without questions asked. We just want your 100% satisfaction.",1.2,5.7,,"ROVKING Wired Sweatproof Earhook in Ear Sport Workout Headphones Noise Isolating Over Ear Earbuds with Microphone for Running Jogging Gym Exercise Earphones, Cell Phone Ear Buds Headset Blue",12.99,3.9,2667,https://www.amazon.com/dp/B017AW0GO0/ref=sxbs_sxwds-deals_5/141-5699935-9644901?pf_rd_p=c32a1f21-f427-444c-bab6-1b04bcb652a2&pd_rd_wg=joZ4X&pf_rd_r=D39W8FPM39VZ4R1AR7TR&pd_rd_i=B017AW0GO0&pd_rd_w=OUtsS&pd_rd_r=17c67a89-9c72-4714-b1a2-76462bf17e59&ie=UTF8&qid=1545600408&sr=5,0.08,B017AW0GO0,3.9,Good,34
2018-12-23T15:32:18.698721,1.2,"[IPX6 SWEATPROOF] - Inner nano-coating protects the earphones away from the damage of sweat, light rain and accidental splash and enable you to freely enjoy running, jogging, hiking and other outdoor activities.
[SUPERIOR SOUND] - High fidelity stereo sound with aptX codec, CSR8645 Bluetooth chipset, and CVC 6.0 noise cancelling microphone bring you super experience in beautiful music, hands-free calls and voice assistant.
[LONG LASTING] - Advanced chipset and battery supports 8 hours playtime and 200 hours standby time after only 1-2 hours charging to prolong your enjoyment. PS: For safety’s sake, please kindly confirm the charging current of your adaptor is under 5V 1A, and do not use quick charger.
[BUILT-IN MAGNETS] - The earbuds are with magnets inside for your easy carrying and preventing the wires from tangling, so you can attach the earbuds together when not in use and wear It like a necklace.
[CUSTOMIZED ACCESSORIES] - The SoundPEATS Q35 Bluetooth headphones are provided with customized accessories, 5 pairs of different sized ear tips (XS/S/M/L/XL) and 3 pairs of ear fins, to offer you a comfortable fit experience. All our headphones are backed with 12 months hassle-free warranty to ensure the enjoyment of your purchase.",0.8,24.8,,"SoundPEATS Magnetic Wireless Earbuds Bluetooth Headphones Sport in-Ear Sweatproof Earphones with Mic (Super Sound Quality, IPX6, Bluetooth 4.1, aptx, 8 Hours Play Time, Secure Fit Design)",0.0,4.5,146,https://www.amazon.com/dp/B07DFGP3XQ/ref=sxbs_sxwds-deals_6/141-5699935-9644901?pf_rd_p=c32a1f21-f427-444c-bab6-1b04bcb652a2&pd_rd_wg=joZ4X&pf_rd_r=D39W8FPM39VZ4R1AR7TR&pd_rd_i=B07DFGP3XQ&pd_rd_w=OUtsS&pd_rd_r=17c67a89-9c72-4714-b1a2-76462bf17e59&ie=UTF8&qid=1545600408&sr=6,0.33125,B07DFGP3XQ,4.5,Good,35
